date,region_code,region,cases,deceased,tests,positive_tests,test_positivity,active_hospital_admissions,active_icu,population,acum14_cases,acum14_cases_per_100k,acum14_positive_tests,acum14_positive_tests_per_100k
2020-09-11,0,Illes_Balears,0,0,3571,291,"8,15%",320,62,1149460,,,,
2020-09-11,1,Mallorca,,,,234,,262,52,896038,,,,
2020-09-11,2,Menorca,,,,7,,5,3,93397,,,,
2020-09-11,3,Eivissa,,,,41,,53,7,147914,,,,
2020-09-11,4,Formentera,,,,0,,,,12111,,,,
2020-09-12,0,Illes_Balears,0,0,3149,181,"5,75%",326,66,1149460,,,,
2020-09-12,1,Mallorca,,,,118,,270,56,896038,,,,
2020-09-12,2,Menorca,,,,1,,5,3,93397,,,,
2020-09-12,3,Eivissa,,,,54,,51,7,147914,,,,
2020-09-12,4,Formentera,,,,0,,,,12111,,,,
2020-09-13,0,Illes_Balears,273,1,1346,89,"6,61%",327,66,1149460,,,,
2020-09-13,1,Mallorca,,,,86,,273,56,896038,,,,
2020-09-13,2,Menorca,,,,0,,4,2,93397,,,,
2020-09-13,3,Eivissa,,,,0,,50,8,147914,,,,
2020-09-13,4,Formentera,,,,0,,,,12111,,,,
2020-09-14,0,Illes_Balears,276,5,2912,239,"8,21%",318,69,1149460,,,,
2020-09-14,1,Mallorca,,,,178,,265,59,896038,,,,
2020-09-14,2,Menorca,,,,1,,2,2,93397,,,,
2020-09-14,3,Eivissa,,,,50,,51,8,147914,,,,
2020-09-14,4,Formentera,,,,3,,,,12111,,,,
2020-09-15,0,Illes_Balears,173,4,3446,277,"8,04%",311,64,1149460,,,,
2020-09-15,1,Mallorca,,,,209,,249,57,896038,,,,
2020-09-15,2,Menorca,,,,1,,2,2,93397,,,,
2020-09-15,3,Eivissa,,,,62,,60,5,147914,,,,
2020-09-15,4,Formentera,,,,2,,,,12111,,,,
2020-09-16,0,Illes_Balears,602,1,3321,268,"8,07%",299,63,1149460,,,,
2020-09-16,1,Mallorca,,,,212,,239,58,896038,,,,
2020-09-16,2,Menorca,,,,2,,3,1,93397,,,,
2020-09-16,3,Eivissa,,,,49,,57,4,147914,,,,
2020-09-16,4,Formentera,,,,0,,,,12111,,,,
2020-09-17,0,Illes_Balears,0,1,3189,220,"6,90%",307,63,1149460,,,,
2020-09-17,1,Mallorca,,,,168,,246,57,896038,,,,
2020-09-17,2,Menorca,,,,4,,4,1,93397,,,,
2020-09-17,3,Eivissa,,,,37,,57,5,147914,,,,
2020-09-17,4,Formentera,,,,1,,,,12111,,,,
2020-09-18,0,Illes_Balears,0,0,3773,167,"4,43%",305,65,1149460,,,,
2020-09-18,1,Mallorca,,,,113,,248,57,896038,,,,
2020-09-18,2,Menorca,,,,5,,3,1,93397,,,,
2020-09-18,3,Eivissa,,,,44,,54,4,147914,,,,
2020-09-18,4,Formentera,,,,0,,,,12111,,,,
2020-09-19,0,Illes_Balears,0,0,2169,114,"5,26%",316,66,1149460,,,,
2020-09-19,1,Mallorca,,,,79,,259,61,896038,,,,
2020-09-19,2,Menorca,,,,2,,2,1,93397,,,,
2020-09-19,3,Eivissa,,,,28,,55,4,147914,,,,
2020-09-19,4,Formentera,,,,0,,,,12111,,,,
2020-09-20,0,Illes_Balears,582,7,1766,106,"6,00%",328,64,1149460,,,,
2020-09-20,1,Mallorca,,,,98,,268,60,896038,,,,
2020-09-20,2,Menorca,,,,0,,3,0,93397,,,,
2020-09-20,3,Eivissa,,,,4,,57,4,147914,,,,
2020-09-20,4,Formentera,,,,0,,,,12111,,,,
2020-09-21,0,Illes_Balears,213,2,2848,163,"5,72%",294,66,1149460,,,,
2020-09-21,1,Mallorca,,,,103,,238,60,896038,,,,
2020-09-21,2,Menorca,,,,3,,3,0,93397,,,,
2020-09-21,3,Eivissa,,,,46,,53,6,147914,,,,
2020-09-21,4,Formentera,,,,4,,,,12111,,,,
2020-09-22,0,Illes_Balears,140,6,3397,171,"5,03%",267,67,1149460,,,,
2020-09-22,1,Mallorca,,,,115,,215,62,896038,,,,
2020-09-22,2,Menorca,,,,0,,1,0,93397,,,,
2020-09-22,3,Eivissa,,,,46,,51,5,147914,,,,
2020-09-22,4,Formentera,,,,0,,,,12111,,,,
2020-09-23,0,Illes_Balears,165,1,3297,150,"4,55%",266,67,1149460,,,,
2020-09-23,1,Mallorca,,,,102,,215,60,896038,,,,
2020-09-23,2,Menorca,,,,0,,0,0,93397,,,,
2020-09-23,3,Eivissa,,,,43,,51,7,147914,,,,
2020-09-23,4,Formentera,,,,1,,,,12111,,,,
2020-09-24,0,Illes_Balears,154,1,3144,148,"4,71%",258,67,1149460,2578,"224,28",2584,"224,80"
2020-09-24,1,Mallorca,,,,103,,210,60,896038,,,1918,"214,05"
2020-09-24,2,Menorca,,,,0,,0,0,93397,,,26,"27,84"
2020-09-24,3,Eivissa,,,,37,,48,7,147914,,,541,"365,75"
2020-09-24,4,Formentera,,,,0,,,,12111,,,11,"90,83"
2020-09-25,0,Illes_Balears,0,0,3387,160,"4,72%",243,66,1149460,2578,"224,28",2453,"213,40"
2020-09-25,1,Mallorca,,,,108,,197,60,896038,,,1792,"199,99"
2020-09-25,2,Menorca,,,,3,,0,0,93397,,,22,"23,56"
2020-09-25,3,Eivissa,,,,44,,46,6,147914,,,544,"367,78"
2020-09-25,4,Formentera,,,,2,,,,12111,,,13,"107,34"
2020-09-26,0,Illes_Balears,0,0,2661,112,"4,21%",256,64,1149460,2578,"224,28",2384,"207,40"
2020-09-26,1,Mallorca,,,,81,,207,59,896038,,,1755,"195,86"
2020-09-26,2,Menorca,,,,1,,2,0,93397,,,22,"23,56"
2020-09-26,3,Eivissa,,,,23,,47,5,147914,,,513,"346,82"
2020-09-26,4,Formentera,,,,0,,,,12111,,,13,"107,34"
2020-09-27,0,Illes_Balears,306,2,1232,38,"3,08%",269,63,1149460,2611,"227,15",2333,"202,96"
2020-09-27,1,Mallorca,,,,35,,219,58,896038,,,1704,"190,17"
2020-09-27,2,Menorca,,,,0,,2,0,93397,,,22,"23,56"
2020-09-27,3,Eivissa,,,,1,,48,5,147914,,,514,"347,50"
2020-09-27,4,Formentera,,,,0,,,,12111,,,13,"107,34"
2020-09-28,0,Illes_Balears,89,2,2530,72,"2,85%",253,59,1149460,2424,"210,88",2166,"188,44"
2020-09-28,1,Mallorca,,,,37,,205,56,896038,,,1563,"174,43"
2020-09-28,2,Menorca,,,,3,,2,0,93397,,,24,"25,70"
2020-09-28,3,Eivissa,,,,26,,46,3,147914,,,490,"331,27"
2020-09-28,4,Formentera,,,,5,,,,12111,,,15,"123,85"
2020-09-29,0,Illes_Balears,148,6,3645,143,"3,92%",234,55,1149460,2399,"208,71",2032,"176,78"
2020-09-29,1,Mallorca,,,,95,,191,52,896038,,,1449,"161,71"
2020-09-29,2,Menorca,,,,6,,2,0,93397,,,29,"31,05"
2020-09-29,3,Eivissa,,,,35,,41,3,147914,,,463,"313,02"
2020-09-29,4,Formentera,,,,0,,,,12111,,,13,"107,34"
2020-09-30,0,Illes_Balears,149,2,3283,124,"3,78%",229,52,1149460,1946,"169,30",1888,"164,25"
2020-09-30,1,Mallorca,,,,99,,186,50,896038,,,1336,"149,10"
2020-09-30,2,Menorca,,,,0,,2,0,93397,,,27,"28,91"
2020-09-30,3,Eivissa,,,,19,,41,2,147914,,,433,"292,74"
2020-09-30,4,Formentera,,,,0,,,,12111,,,13,"107,34"
2020-10-01,0,Illes_Balears,185,1,2858,100,"3,50%",235,48,1149460,2131,"185,39",1768,"153,81"
2020-10-01,1,Mallorca,,,,73,,193,47,896038,,,1241,"138,50"
2020-10-01,2,Menorca,,,,2,,2,0,93397,,,25,"26,77"
2020-10-01,3,Eivissa,,,,19,,40,1,147914,,,415,"280,57"
2020-10-01,4,Formentera,,,,0,,,,12111,,,12,"99,08"
2020-10-02,0,Illes_Balears,0,0,3088,114,"3,69%",216,48,1149460,2131,"185,39",1715,"149,20"
2020-10-02,1,Mallorca,,,,78,,176,47,896038,,,1206,"134,59"
2020-10-02,2,Menorca,,,,1,,3,0,93397,,,21,"22,48"
2020-10-02,3,Eivissa,,,,33,,37,1,147914,,,404,"273,13"
2020-10-02,4,Formentera,,,,0,,,,12111,,,12,"99,08"
2020-10-03,0,Illes_Balears,0,0,2036,112,"5,50%",213,47,1149460,2131,"185,39",1713,"149,03"
2020-10-03,1,Mallorca,,,,96,,174,46,896038,,,1223,"136,49"
2020-10-03,2,Menorca,,,,2,,3,0,93397,,,21,"22,48"
2020-10-03,3,Eivissa,,,,11,,36,1,147914,,,387,"261,64"
2020-10-03,4,Formentera,,,,0,,,,12111,,,12,"99,08"
2020-10-04,0,Illes_Balears,297,4,1248,67,"5,37%",210,48,1149460,1846,"160,60",1674,"145,63"
2020-10-04,1,Mallorca,,,,64,,171,47,896038,,,1189,"132,70"
2020-10-04,2,Menorca,,,,0,,3,0,93397,,,21,"22,48"
2020-10-04,3,Eivissa,,,,1,,36,1,147914,,,384,"259,61"
2020-10-04,4,Formentera,,,,0,,,,12111,,,12,"99,08"
2020-10-05,0,Illes_Balears,95,5,2712,107,"3,95%",219,41,1149460,1728,"150,33",1618,"140,76"
2020-10-05,1,Mallorca,,,,81,,178,40,896038,,,1167,"130,24"
2020-10-05,2,Menorca,,,,1,,3,0,93397,,,19,"20,34"
2020-10-05,3,Eivissa,,,,19,,38,1,147914,,,357,"241,36"
2020-10-05,4,Formentera,,,,0,,,,12111,,,8,"66,06"
2020-10-06,0,Illes_Balears,139,1,3054,100,"3,27%",208,42,1149460,1727,"150,24",1547,"134,58"
2020-10-06,1,Mallorca,,,,59,,169,41,896038,,,1111,"123,99"
2020-10-06,2,Menorca,,,,2,,3,0,93397,,,21,"22,48"
2020-10-06,3,Eivissa,,,,33,,36,1,147914,,,344,"232,57"
2020-10-06,4,Formentera,,,,0,,,,12111,,,8,"66,06"
2020-10-07,0,Illes_Balears,142,3,3067,127,"4,14%",185,43,1149460,1704,"148,24",1524,"132,58"
2020-10-07,1,Mallorca,,,,89,,146,42,896038,,,1098,"122,54"
2020-10-07,2,Menorca,,,,1,,3,0,93397,,,22,"23,56"
2020-10-07,3,Eivissa,,,,32,,36,1,147914,,,333,"225,13"
2020-10-07,4,Formentera,,,,0,,,,12111,,,7,"57,80"
2020-10-08,0,Illes_Balears,114,3,3138,131,"4,17%",185,40,1149460,1664,"144,76",1507,"131,11"
2020-10-08,1,Mallorca,,,,98,,151,39,896038,,,1093,"121,98"
2020-10-08,2,Menorca,,,,6,,3,0,93397,,,28,"29,98"
2020-10-08,3,Eivissa,,,,23,,31,1,147914,,,319,"215,67"
2020-10-08,4,Formentera,,,,0,,,,12111,,,7,"57,80"
2020-10-09,0,Illes_Balears,0,0,2788,124,"4,45%",161,39,1149460,1664,"144,76",1471,"127,97"
2020-10-09,1,Mallorca,,,,97,,132,37,896038,,,1082,"120,75"
2020-10-09,2,Menorca,,,,15,,3,0,93397,,,40,"42,83"
2020-10-09,3,Eivissa,,,,8,,26,2,147914,,,283,"191,33"
2020-10-09,4,Formentera,,,,0,,,,12111,,,5,"41,28"
2020-10-10,0,Illes_Balears,0,0,2421,105,"4,34%",170,41,1149460,1664,"144,76",1464,"127,36"
2020-10-10,1,Mallorca,,,,93,,137,39,896038,,,1094,"122,09"
2020-10-10,2,Menorca,,,,7,,4,0,93397,,,46,"49,25"
2020-10-10,3,Eivissa,,,,1,,29,2,147914,,,261,"176,45"
2020-10-10,4,Formentera,,,,0,,,,12111,,,5,"41,28"
2020-10-11,0,Illes_Balears,0,0,1592,117,"7,35%",186,43,1149460,1358,"118,14",1543,"134,24"
2020-10-11,1,Mallorca,,,,87,,152,40,896038,,,1146,"127,90"
2020-10-11,2,Menorca,,,,6,,4,1,93397,,,52,"55,68"
2020-10-11,3,Eivissa,,,,19,,30,2,147914,,,279,"188,62"
2020-10-11,4,Formentera,,,,0,,,,12111,,,5,"41,28"
2020-10-12,0,Illes_Balears,479,0,1312,67,"5,11%",195,42,1149460,1748,"152,07",1538,"133,80"
2020-10-12,1,Mallorca,,,,62,,163,38,896038,,,1171,"130,69"
2020-10-12,2,Menorca,,,,4,,4,2,93397,,,53,"56,75"
2020-10-12,3,Eivissa,,,,0,,28,2,147914,,,253,"171,05"
2020-10-12,4,Formentera,,,,0,,,,12111,,,0,"0,00"
2020-10-13,0,Illes_Balears,104,5,2823,128,"4,53%",183,41,1149460,1704,"148,24",1523,"132,50"
2020-10-13,1,Mallorca,,,,97,,148,37,896038,,,1173,"130,91"
2020-10-13,2,Menorca,,,,5,,5,2,93397,,,52,"55,68"
2020-10-13,3,Eivissa,,,,23,,30,2,147914,,,241,"162,93"
2020-10-13,4,Formentera,,,,0,,,,12111,,,0,"0,00"
2020-10-14,0,Illes_Balears,139,4,2604,150,"5,76%",161,40,1149460,1694,"147,37",1549,"134,76"
2020-10-14,1,Mallorca,,,,113,,127,36,896038,,,1187,"132,47"
2020-10-14,2,Menorca,,,,4,,5,2,93397,,,56,"59,96"
2020-10-14,3,Eivissa,,,,27,,29,2,147914,,,249,"168,34"
2020-10-14,4,Formentera,,,,0,,,,12111,,,0,"0,00"
2020-10-15,0,Illes_Balears,125,2,2957,98,"3,31%",148,39,1149460,1634,"142,15",1547,"134,58"
2020-10-15,1,Mallorca,,,,72,,116,35,896038,,,1186,"132,36"
2020-10-15,2,Menorca,,,,5,,4,2,93397,,,59,"63,17"
2020-10-15,3,Eivissa,,,,17,,28,2,147914,,,247,"166,99"
2020-10-15,4,Formentera,,,,0,,,,12111,,,0,"0,00"
2020-10-16,0,Illes_Balears,0,0,3235,159,"4,91%",141,39,1149460,1634,"142,15",1592,"138,50"
2020-10-16,1,Mallorca,,,,109,,103,35,896038,,,1217,"135,82"
2020-10-16,2,Menorca,,,,12,,5,2,93397,,,70,"74,95"
2020-10-16,3,Eivissa,,,,28,,33,2,147914,,,242,"163,61"
2020-10-16,4,Formentera,,,,0,,,,12111,,,0,"0,00"
2020-10-17,0,Illes_Balears,0,0,2661,118,"4,43%",147,40,1149460,1634,"142,15",1598,"139,02"
2020-10-17,1,Mallorca,,,,101,,110,35,896038,,,1222,"136,38"
2020-10-17,2,Menorca,,,,6,,5,2,93397,,,74,"79,23"
2020-10-17,3,Eivissa,,,,7,,32,3,147914,,,238,"160,90"
2020-10-17,4,Formentera,,,,0,,,,12111,,,0,"0,00"
2020-10-18,0,Illes_Balears,372,0,1399,80,"5,72%",150,39,1149460,1709,"148,68",1611,"140,15"
2020-10-18,1,Mallorca,,,,76,,112,35,896038,,,1234,"137,72"
2020-10-18,2,Menorca,,,,0,,5,2,93397,,,74,"79,23"
2020-10-18,3,Eivissa,,,,0,,33,2,147914,,,237,"160,23"
2020-10-18,4,Formentera,,,,0,,,,12111,,,0,"0,00"
2020-10-19,0,Illes_Balears,121,5,2529,146,"5,77%",152,39,1149460,1735,"150,94",1650,"143,55"
2020-10-19,1,Mallorca,,,,73,,108,35,896038,,,1226,"136,82"
2020-10-19,2,Menorca,,,,8,,4,2,93397,,,81,"86,73"
2020-10-19,3,Eivissa,,,,44,,40,2,147914,,,262,"177,13"
2020-10-19,4,Formentera,,,,1,,,,12111,,,1,"8,26"
2020-10-20,0,Illes_Balears,164,4,3682,204,"5,54%",156,40,1149460,1760,"153,12",1754,"152,59"
2020-10-20,1,Mallorca,,,,161,,116,35,896038,,,1328,"148,21"
2020-10-20,2,Menorca,,,,11,,4,2,93397,,,90,"96,36"
2020-10-20,3,Eivissa,,,,22,,36,3,147914,,,251,"169,69"
2020-10-20,4,Formentera,,,,0,,,,12111,,,1,"8,26"
2020-10-21,0,Illes_Balears,183,8,2983,189,"6,34%",158,38,1149460,1801,"156,68",1816,"157,99"
2020-10-21,1,Mallorca,,,,128,,118,33,896038,,,1367,"152,56"
2020-10-21,2,Menorca,,,,22,,3,3,93397,,,111,"118,85"
2020-10-21,3,Eivissa,,,,34,,37,2,147914,,,253,"171,05"
2020-10-21,4,Formentera,,,,0,,,,12111,,,1,"8,26"
2020-10-22,0,Illes_Balears,183,8,2903,240,"8,27%",154,40,1149460,1870,"162,69",1925,"167,47"
2020-10-22,1,Mallorca,,,,185,,112,34,896038,,,1454,"162,27"
2020-10-22,2,Menorca,,,,8,,3,4,93397,,,113,"120,99"
2020-10-22,3,Eivissa,,,,38,,39,2,147914,,,268,"181,19"
2020-10-22,4,Formentera,,,,2,,,,12111,,,3,"24,77"
2020-10-23,0,Illes_Balears,0,0,3944,201,"5,10%",147,41,1149460,1870,"162,69",2002,"174,17"
2020-10-23,1,Mallorca,,,,160,,105,34,896038,,,1517,"169,30"
2020-10-23,2,Menorca,,,,10,,3,4,93397,,,108,"115,64"
2020-10-23,3,Eivissa,,,,25,,39,3,147914,,,285,"192,68"
2020-10-23,4,Formentera,,,,0,,,,12111,,,3,"24,77"
2020-10-24,0,Illes_Balears,0,0,2738,164,"5,99%",158,44,1149460,1870,"162,69",2061,"179,30"
2020-10-24,1,Mallorca,,,,135,,115,37,896038,,,1559,"173,99"
2020-10-24,2,Menorca,,,,10,,3,4,93397,,,111,"118,85"
2020-10-24,3,Eivissa,,,,17,,40,3,147914,,,301,"203,50"
2020-10-24,4,Formentera,,,,0,,,,12111,,,3,"24,77"
2020-10-25,0,Illes_Balears,587,5,1643,122,"7,43%",158,44,1149460,2457,"213,75",2066,"179,74"
2020-10-25,1,Mallorca,,,,114,,120,36,896038,,,1586,"177,00"
2020-10-25,2,Menorca,,,,1,,1,4,93397,,,106,"113,49"
2020-10-25,3,Eivissa,,,,1,,37,4,147914,,,283,"191,33"
2020-10-25,4,Formentera,,,,0,,,,12111,,,3,"24,77"
2020-10-26,0,Illes_Balears,173,2,2733,224,"8,20%",155,44,1149460,2151,"187,13",2223,"193,40"
2020-10-26,1,Mallorca,,,,149,,117,36,896038,,,1673,"186,71"
2020-10-26,2,Menorca,,,,6,,2,4,93397,,,108,"115,64"
2020-10-26,3,Eivissa,,,,64,,36,5,147914,,,347,"234,60"
2020-10-26,4,Formentera,,,,1,,,,12111,,,4,"33,03"
2020-10-27,0,Illes_Balears,246,0,3646,264,"7,24%",149,49,1149460,2293,"199,48",2359,"205,23"
2020-10-27,1,Mallorca,,,,198,,110,39,896038,,,1774,"197,98"
2020-10-27,2,Menorca,,,,12,,1,5,93397,,,115,"123,13"
2020-10-27,3,Eivissa,,,,45,,38,5,147914,,,369,"249,47"
2020-10-27,4,Formentera,,,,2,,,,12111,,,6,"49,54"
2020-10-28,0,Illes_Balears,224,0,3241,251,"7,74%",159,52,1149460,2378,"206,88",2460,"214,01"
2020-10-28,1,Mallorca,,,,166,,113,40,896038,,,1827,"203,90"
2020-10-28,2,Menorca,,,,5,,1,5,93397,,,116,"124,20"
2020-10-28,3,Eivissa,,,,65,,45,7,147914,,,407,"275,16"
2020-10-28,4,Formentera,,,,0,,,,12111,,,6,"49,54"
2020-10-29,0,Illes_Balears,280,6,4212,253,"6,01%",147,50,1149460,2533,"220,36",2615,"227,50"
2020-10-29,1,Mallorca,,,,179,,100,39,896038,,,1934,"215,84"
2020-10-29,2,Menorca,,,,6,,2,5,93397,,,117,"125,27"
2020-10-29,3,Eivissa,,,,49,,45,6,147914,,,439,"296,79"
2020-10-29,4,Formentera,,,,0,,,,12111,,,6,"49,54"
2020-10-30,0,Illes_Balears,0,0,3903,237,"6,07%",152,49,1149460,2533,"220,36",2693,"234,28"
2020-10-30,1,Mallorca,,,,164,,100,39,896038,,,1989,"221,98"
2020-10-30,2,Menorca,,,,5,,1,5,93397,,,110,"117,78"
2020-10-30,3,Eivissa,,,,52,,51,5,147914,,,463,"313,02"
2020-10-30,4,Formentera,,,,0,,,,12111,,,6,"49,54"
2020-10-31,0,Illes_Balears,431,0,3177,177,"5,57%",166,48,1149460,2964,"257,86",2752,"239,42"
2020-10-31,1,Mallorca,,,,137,,108,38,896038,,,2025,"225,99"
2020-10-31,2,Menorca,,,,5,,1,5,93397,,,109,"116,71"
2020-10-31,3,Eivissa,,,,22,,57,5,147914,,,478,"323,16"
2020-10-31,4,Formentera,,,,0,,,,12111,,,6,"49,54"
2020-11-01,0,Illes_Balears,125,0,2346,133,"5,67%",160,52,1149460,2717,"236,37",2805,"244,03"
2020-11-01,1,Mallorca,,,,122,,108,42,896038,,,2071,"231,13"
2020-11-01,2,Menorca,,,,0,,1,5,93397,,,109,"116,71"
2020-11-01,3,Eivissa,,,,4,,51,5,147914,,,482,"325,87"
2020-11-01,4,Formentera,,,,0,,,,12111,,,6,"49,54"
2020-11-02,0,Illes_Balears,228,1,3071,198,"6,45%",165,50,1149460,2824,"245,68",2857,"248,55"
2020-11-02,1,Mallorca,,,,134,,112,42,896038,,,2132,"237,94"
2020-11-02,2,Menorca,,,,8,,3,3,93397,,,109,"116,71"
2020-11-02,3,Eivissa,,,,40,,50,5,147914,,,478,"323,16"
2020-11-02,4,Formentera,,,,0,,,,12111,,,5,"41,28"
2020-11-03,0,Illes_Balears,213,1,3965,278,"7,01%",193,49,1149460,2873,"249,94",2931,"254,99"
2020-11-03,1,Mallorca,,,,187,,129,41,896038,,,2158,"240,84"
2020-11-03,2,Menorca,,,,12,,3,3,93397,,,110,"117,78"
2020-11-03,3,Eivissa,,,,59,,61,5,147914,,,515,"348,18"
2020-11-03,4,Formentera,,,,1,,,,12111,,,6,"49,54"
2020-11-04,0,Illes_Balears,262,1,3860,226,"5,85%",206,50,1149460,2952,"256,82",2968,"258,21"
2020-11-04,1,Mallorca,,,,173,,143,42,896038,,,2203,"245,86"
2020-11-04,2,Menorca,,,,9,,3,3,93397,,,97,"103,86"
2020-11-04,3,Eivissa,,,,27,,60,5,147914,,,508,"343,44"
2020-11-04,4,Formentera,,,,1,,,,12111,,,7,"57,80"
2020-11-05,0,Illes_Balears,253,4,3631,279,"7,68%",204,48,1149460,3022,"262,91",3007,"261,60"
2020-11-05,1,Mallorca,,,,235,,137,40,896038,,,2253,"251,44"
2020-11-05,2,Menorca,,,,4,,4,3,93397,,,93,"99,57"
2020-11-05,3,Eivissa,,,,33,,63,5,147914,,,503,"340,06"
2020-11-05,4,Formentera,,,,0,,,,12111,,,5,"41,28"
2020-11-06,0,Illes_Balears,284,1,3826,241,"6,30%",208,49,1149460,3306,"287,61",3047,"265,08"
2020-11-06,1,Mallorca,,,,177,,137,41,896038,,,2270,"253,34"
2020-11-06,2,Menorca,,,,5,,5,3,93397,,,88,"94,22"
2020-11-06,3,Eivissa,,,,40,,66,5,147914,,,518,"350,20"
2020-11-06,4,Formentera,,,,0,,,,12111,,,5,"41,28"
2020-11-07,0,Illes_Balears,215,0,3584,183,"5,11%",218,47,1149460,3521,"306,32",3066,"266,73"
2020-11-07,1,Mallorca,,,,161,,144,40,896038,,,2296,"256,24"
2020-11-07,2,Menorca,,,,7,,6,3,93397,,,85,"91,01"
2020-11-07,3,Eivissa,,,,11,,68,4,147914,,,512,"346,15"
2020-11-07,4,Formentera,,,,0,,,,12111,,,5,"41,28"
2020-11-08,0,Illes_Balears,171,1,1677,140,"8,35%",230,51,1149460,3105,"270,13",3084,"268,30"
2020-11-08,1,Mallorca,,,,127,,150,44,896038,,,2309,"257,69"
2020-11-08,2,Menorca,,,,3,,8,3,93397,,,87,"93,15"
2020-11-08,3,Eivissa,,,,3,,72,4,147914,,,514,"347,50"
2020-11-08,4,Formentera,,,,0,,,,12111,,,5,"41,28"
2020-11-09,0,Illes_Balears,188,2,3218,201,"6,25%",216,55,1149460,3120,"271,43",3061,"266,30"
2020-11-09,1,Mallorca,,,,144,,140,46,896038,,,2304,"257,13"
2020-11-09,2,Menorca,,,,10,,8,3,93397,,,91,"97,43"
2020-11-09,3,Eivissa,,,,43,,68,6,147914,,,493,"333,30"
2020-11-09,4,Formentera,,,,0,,,,12111,,,4,"33,03"
2020-11-10,0,Illes_Balears,243,0,3821,218,"5,71%",212,53,1149460,3117,"271,17",3015,"262,30"
2020-11-10,1,Mallorca,,,,168,,140,44,896038,,,2274,"253,78"
2020-11-10,2,Menorca,,,,6,,9,3,93397,,,85,"91,01"
2020-11-10,3,Eivissa,,,,29,,63,6,147914,,,477,"322,48"
2020-11-10,4,Formentera,,,,0,,,,12111,,,2,"16,51"
2020-11-11,0,Illes_Balears,219,3,3790,200,"5,28%",225,54,1149460,3112,"270,74",2964,"257,86"
2020-11-11,1,Mallorca,,,,155,,157,44,896038,,,2263,"252,56"
2020-11-11,2,Menorca,,,,13,,8,3,93397,,,93,"99,57"
2020-11-11,3,Eivissa,,,,22,,60,7,147914,,,434,"293,41"
2020-11-11,4,Formentera,,,,0,,,,12111,,,2,"16,51"
2020-11-12,0,Illes_Balears,184,6,3463,234,"6,76%",215,54,1149460,3016,"262,38",2945,"256,21"
2020-11-12,1,Mallorca,,,,166,,149,44,896038,,,2250,"251,11"
2020-11-12,2,Menorca,,,,13,,9,3,93397,,,100,"107,07"
2020-11-12,3,Eivissa,,,,42,,57,7,147914,,,427,"288,68"
2020-11-12,4,Formentera,,,,2,,,,12111,,,4,"33,03"
2020-11-13,0,Illes_Balears,216,2,3808,234,"6,14%",204,54,1149460,3232,"281,18",2942,"255,95"
2020-11-13,1,Mallorca,,,,183,,143,44,896038,,,2269,"253,23"
2020-11-13,2,Menorca,,,,9,,10,3,93397,,,104,"111,35"
2020-11-13,3,Eivissa,,,,31,,51,7,147914,,,406,"274,48"
2020-11-13,4,Formentera,,,,2,,,,12111,,,6,"49,54"
2020-11-14,0,Illes_Balears,196,0,3131,164,"5,24%",214,55,1149460,2997,"260,73",2929,"254,82"
2020-11-14,1,Mallorca,,,,139,,154,45,896038,,,2271,"253,45"
2020-11-14,2,Menorca,,,,4,,11,3,93397,,,103,"110,28"
2020-11-14,3,Eivissa,,,,13,,49,7,147914,,,397,"268,40"
2020-11-14,4,Formentera,,,,0,,,,12111,,,6,"49,54"
2020-11-15,0,Illes_Balears,123,0,1821,137,"7,52%",219,54,1149460,2995,"260,56",2933,"255,16"
2020-11-15,1,Mallorca,,,,127,,158,45,896038,,,2276,"254,01"
2020-11-15,2,Menorca,,,,1,,11,3,93397,,,104,"111,35"
2020-11-15,3,Eivissa,,,,2,,50,6,147914,,,395,"267,05"
2020-11-15,4,Formentera,,,,0,,,,12111,,,6,"49,54"
2020-11-16,0,Illes_Balears,219,6,3751,212,"5,65%",245,51,1149460,2986,"259,77",2947,"256,38"
2020-11-16,1,Mallorca,,,,171,,184,43,896038,,,2313,"258,14"
2020-11-16,2,Menorca,,,,16,,17,3,93397,,,112,"119,92"
2020-11-16,3,Eivissa,,,,18,,44,5,147914,,,373,"252,17"
2020-11-16,4,Formentera,,,,0,,,,12111,,,6,"49,54"
2020-11-17,0,Illes_Balears,0,0,4461,196,"4,39%",231,48,1149460,2773,"241,24",2865,"249,25"
2020-11-17,1,Mallorca,,,,149,,171,40,896038,,,2275,"253,90"
2020-11-17,2,Menorca,,,,8,,21,3,93397,,,108,"115,64"
2020-11-17,3,Eivissa,,,,32,,39,5,147914,,,346,"233,92"
2020-11-17,4,Formentera,,,,0,,,,12111,,,5,"41,28"
2020-11-18,0,Illes_Balears,376,1,3794,184,"4,85%",233,45,1149460,2887,"251,16",2823,"245,59"
2020-11-18,1,Mallorca,,,,148,,171,37,896038,,,2250,"251,11"
2020-11-18,2,Menorca,,,,2,,22,2,93397,,,101,"108,14"
2020-11-18,3,Eivissa,,,,26,,40,6,147914,,,345,"233,24"
2020-11-18,4,Formentera,,,,3,,,,12111,,,7,"57,80"
2020-11-19,0,Illes_Balears,178,0,3481,171,"4,91%",225,49,1149460,2812,"244,64",2715,"236,20"
2020-11-19,1,Mallorca,,,,129,,168,41,896038,,,2144,"239,28"
2020-11-19,2,Menorca,,,,4,,21,2,93397,,,101,"108,14"
2020-11-19,3,Eivissa,,,,30,,36,6,147914,,,342,"231,22"
2020-11-19,4,Formentera,,,,1,,,,12111,,,8,"66,06"
2020-11-20,0,Illes_Balears,182,0,3865,122,"3,16%",226,49,1149460,2710,"235,76",2596,"225,85"
2020-11-20,1,Mallorca,,,,105,,171,41,896038,,,2072,"231,24"
2020-11-20,2,Menorca,,,,6,,19,2,93397,,,102,"109,21"
2020-11-20,3,Eivissa,,,,7,,36,6,147914,,,309,"208,91"
2020-11-20,4,Formentera,,,,0,,,,12111,,,8,"66,06"
2020-11-21,0,Illes_Balears,131,0,2869,141,"4,91%",223,52,1149460,2626,"228,46",2554,"222,19"
2020-11-21,1,Mallorca,,,,121,,172,42,896038,,,2032,"226,78"
2020-11-21,2,Menorca,,,,7,,17,3,93397,,,102,"109,21"
2020-11-21,3,Eivissa,,,,11,,34,7,147914,,,309,"208,91"
2020-11-21,4,Formentera,,,,0,,,,12111,,,8,"66,06"
2020-11-22,0,Illes_Balears,122,0,2023,131,"6,48%",237,52,1149460,2577,"224,19",2545,"221,41"
2020-11-22,1,Mallorca,,,,122,,184,42,896038,,,2027,"226,22"
2020-11-22,2,Menorca,,,,1,,17,3,93397,,,100,"107,07"
2020-11-22,3,Eivissa,,,,5,,36,7,147914,,,311,"210,26"
2020-11-22,4,Formentera,,,,1,,,,12111,,,9,"74,31"
2020-11-23,0,Illes_Balears,141,1,3741,160,"4,28%",224,54,1149460,2530,"220,10",2504,"217,84"
2020-11-23,1,Mallorca,,,,134,,175,42,896038,,,2017,"225,10"
2020-11-23,2,Menorca,,,,3,,13,4,93397,,,93,"99,57"
2020-11-23,3,Eivissa,,,,19,,36,8,147914,,,287,"194,03"
2020-11-23,4,Formentera,,,,0,,,,12111,,,9,"74,31"
2020-11-24,0,Illes_Balears,192,1,4209,165,"3,92%",221,54,1149460,2479,"215,67",2451,"213,23"
2020-11-24,1,Mallorca,,,,125,,176,42,896038,,,1974,"220,30"
2020-11-24,2,Menorca,,,,13,,11,4,93397,,,100,"107,07"
2020-11-24,3,Eivissa,,,,21,,34,8,147914,,,279,"188,62"
2020-11-24,4,Formentera,,,,0,,,,12111,,,9,"74,31"
2020-11-25,0,Illes_Balears,176,2,3668,180,"4,91%",218,51,1149460,2436,"211,93",2431,"211,49"
2020-11-25,1,Mallorca,,,,158,,178,39,896038,,,1977,"220,64"
2020-11-25,2,Menorca,,,,3,,7,4,93397,,,90,"96,36"
2020-11-25,3,Eivissa,,,,9,,33,8,147914,,,266,"179,83"
2020-11-25,4,Formentera,,,,0,,,,12111,,,9,"74,31"
2020-11-26,0,Illes_Balears,230,0,3915,239,"6,10%",208,50,1149460,2482,"215,93",2436,"211,93"
2020-11-26,1,Mallorca,,,,213,,173,39,896038,,,2024,"225,88"
2020-11-26,2,Menorca,,,,11,,7,4,93397,,,88,"94,22"
2020-11-26,3,Eivissa,,,,10,,28,7,147914,,,234,"158,20"
2020-11-26,4,Formentera,,,,0,,,,12111,,,7,"57,80"
2020-11-27,0,Illes_Balears,177,5,3533,185,"5,24%",205,51,1149460,2443,"212,53",2387,"207,66"
2020-11-27,1,Mallorca,,,,147,,176,39,896038,,,1988,"221,87"
2020-11-27,2,Menorca,,,,14,,6,4,93397,,,93,"99,57"
2020-11-27,3,Eivissa,,,,16,,23,8,147914,,,219,"148,06"
2020-11-27,4,Formentera,,,,0,,,,12111,,,5,"41,28"
2020-11-28,0,Illes_Balears,189,0,3656,191,"5,22%",209,50,1149460,2436,"211,93",2414,"210,01"
2020-11-28,1,Mallorca,,,,168,,178,38,896038,,,2017,"225,10"
2020-11-28,2,Menorca,,,,5,,6,4,93397,,,94,"100,65"
2020-11-28,3,Eivissa,,,,13,,25,8,147914,,,219,"148,06"
2020-11-28,4,Formentera,,,,0,,,,12111,,,5,"41,28"
2020-11-29,0,Illes_Balears,150,0,1485,124,"8,35%",211,51,1149460,2463,"214,27",2401,"208,88"
2020-11-29,1,Mallorca,,,,120,,181,39,896038,,,2010,"224,32"
2020-11-29,2,Menorca,,,,1,,6,4,93397,,,94,"100,65"
2020-11-29,3,Eivissa,,,,0,,24,8,147914,,,217,"146,71"
2020-11-29,4,Formentera,,,,0,,,,12111,,,5,"41,28"
2020-11-30,0,Illes_Balears,174,2,3282,151,"4,60%",205,48,1149460,2418,"210,36",2340,"203,57"
2020-11-30,1,Mallorca,,,,127,,176,38,896038,,,1966,"219,41"
2020-11-30,2,Menorca,,,,6,,4,3,93397,,,84,"89,94"
2020-11-30,3,Eivissa,,,,12,,25,7,147914,,,211,"142,65"
2020-11-30,4,Formentera,,,,0,,,,12111,,,5,"41,28"
2020-12-01,0,Illes_Balears,193,2,3684,209,"5,67%",194,45,1149460,2611,"227,15",2353,"204,70"
2020-12-01,1,Mallorca,,,,183,,166,36,896038,,,2000,"223,20"
2020-12-01,2,Menorca,,,,12,,5,3,93397,,,88,"94,22"
2020-12-01,3,Eivissa,,,,12,,23,6,147914,,,191,"129,13"
2020-12-01,4,Formentera,,,,0,,,,12111,,,5,"41,28"
2020-12-02,0,Illes_Balears,216,0,4523,229,"5,06%",187,42,1149460,2451,"213,23",2398,"208,62"
2020-12-02,1,Mallorca,,,,188,,161,34,896038,,,2040,"227,67"
2020-12-02,2,Menorca,,,,9,,6,2,93397,,,95,"101,72"
2020-12-02,3,Eivissa,,,,23,,20,6,147914,,,188,"127,10"
2020-12-02,4,Formentera,,,,0,,,,12111,,,2,"16,51"
2020-12-03,0,Illes_Balears,263,2,4010,278,"6,93%",167,42,1149460,2536,"220,63",2505,"217,93"
2020-12-03,1,Mallorca,,,,241,,142,34,896038,,,2152,"240,17"
2020-12-03,2,Menorca,,,,13,,7,2,93397,,,104,"111,35"
2020-12-03,3,Eivissa,,,,15,,18,6,147914,,,173,"116,96"
2020-12-03,4,Formentera,,,,0,,,,12111,,,1,"8,26"
2020-12-04,0,Illes_Balears,268,0,3718,220,"5,92%",163,43,1149460,2622,"228,11",2603,"226,45"
2020-12-04,1,Mallorca,,,,185,,140,34,896038,,,2232,"249,10"
2020-12-04,2,Menorca,,,,20,,7,3,93397,,,118,"126,34"
2020-12-04,3,Eivissa,,,,7,,16,6,147914,,,173,"116,96"
2020-12-04,4,Formentera,,,,0,,,,12111,,,1,"8,26"
2020-12-05,0,Illes_Balears,208,0,2877,177,"6,15%",157,45,1149460,2699,"234,81",2639,"229,59"
2020-12-05,1,Mallorca,,,,154,,135,36,896038,,,2265,"252,78"
2020-12-05,2,Menorca,,,,19,,7,3,93397,,,130,"139,19"
2020-12-05,3,Eivissa,,,,1,,15,6,147914,,,163,"110,20"
2020-12-05,4,Formentera,,,,0,,,,12111,,,1,"8,26"
2020-12-06,0,Illes_Balears,0,0,3721,202,"5,43%",168,45,1149460,2577,"224,19",2710,"235,76"
2020-12-06,1,Mallorca,,,,179,,146,36,896038,,,2322,"259,14"
2020-12-06,2,Menorca,,,,2,,7,3,93397,,,131,"140,26"
2020-12-06,3,Eivissa,,,,15,,15,6,147914,,,173,"116,96"
2020-12-06,4,Formentera,,,,2,,,,12111,,,2,"16,51"
2020-12-07,0,Illes_Balears,399,0,3011,197,"6,54%",174,44,1149460,2835,"246,64",2747,"238,98"
2020-12-07,1,Mallorca,,,,179,,147,36,896038,,,2367,"264,16"
2020-12-07,2,Menorca,,,,6,,8,3,93397,,,134,"143,47"
2020-12-07,3,Eivissa,,,,3,,19,5,147914,,,157,"106,14"
2020-12-07,4,Formentera,,,,0,,,,12111,,,2,"16,51"
2020-12-08,0,Illes_Balears,189,0,4824,213,"4,42%",190,48,1149460,2832,"246,38",2795,"243,16"
2020-12-08,1,Mallorca,,,,189,,164,40,896038,,,2431,"271,31"
2020-12-08,2,Menorca,,,,14,,8,3,93397,,,135,"144,54"
2020-12-08,3,Eivissa,,,,3,,18,5,147914,,,139,"93,97"
2020-12-08,4,Formentera,,,,1,,,,12111,,,3,"24,77"
2020-12-09,0,Illes_Balears,238,1,4482,327,"7,30%",192,51,1149460,2894,"251,77",2942,"255,95"
2020-12-09,1,Mallorca,,,,300,,162,43,896038,,,2573,"287,15"
2020-12-09,2,Menorca,,,,11,,10,3,93397,,,143,"153,11"
2020-12-09,3,Eivissa,,,,7,,20,5,147914,,,137,"92,62"
2020-12-09,4,Formentera,,,,1,,,,12111,,,4,"33,03"
2020-12-10,0,Illes_Balears,303,1,6812,324,"4,76%",192,53,1149460,2967,"258,12",3027,"263,34"
2020-12-10,1,Mallorca,,,,290,,164,45,896038,,,2650,"295,75"
2020-12-10,2,Menorca,,,,10,,10,3,93397,,,142,"152,04"
2020-12-10,3,Eivissa,,,,12,,18,5,147914,,,139,"93,97"
2020-12-10,4,Formentera,,,,1,,,,12111,,,5,"41,28"
2020-12-11,0,Illes_Balears,317,2,3807,313,"8,22%",186,51,1149460,3107,"270,30",3155,"274,48"
2020-12-11,1,Mallorca,,,,282,,165,43,896038,,,2785,"310,81"
2020-12-11,2,Menorca,,,,7,,7,3,93397,,,135,"144,54"
2020-12-11,3,Eivissa,,,,10,,14,5,147914,,,133,"89,92"
2020-12-11,4,Formentera,,,,4,,,,12111,,,9,"74,31"
2020-12-12,0,Illes_Balears,295,0,4345,360,"8,29%",208,51,1149460,3213,"279,52",3324,"289,18"
2020-12-12,1,Mallorca,,,,328,,185,44,896038,,,2945,"328,67"
2020-12-12,2,Menorca,,,,15,,7,3,93397,,,145,"155,25"
2020-12-12,3,Eivissa,,,,12,,16,4,147914,,,132,"89,24"
2020-12-12,4,Formentera,,,,1,,,,12111,,,10,"82,57"
2020-12-13,0,Illes_Balears,355,0,2675,228,"8,52%",227,53,1149460,3418,"297,36",3428,"298,23"
2020-12-13,1,Mallorca,,,,214,,203,46,896038,,,3039,"339,16"
2020-12-13,2,Menorca,,,,0,,7,3,93397,,,144,"154,18"
2020-12-13,3,Eivissa,,,,3,,17,4,147914,,,135,"91,27"
2020-12-13,4,Formentera,,,,0,,,,12111,,,10,"82,57"
2020-12-14,0,Illes_Balears,300,2,5019,365,"7,27%",245,52,1149460,3544,"308,32",3642,"316,84"
2020-12-14,1,Mallorca,,,,324,,222,46,896038,,,3236,"361,15"
2020-12-14,2,Menorca,,,,18,,6,3,93397,,,156,"167,03"
2020-12-14,3,Eivissa,,,,14,,17,3,147914,,,137,"92,62"
2020-12-14,4,Formentera,,,,0,,,,12111,,,10,"82,57"
2020-12-15,0,Illes_Balears,401,3,6042,457,"7,56%",263,53,1149460,3752,"326,41",3890,"338,42"
2020-12-15,1,Mallorca,,,,394,,242,47,896038,,,3447,"384,69"
2020-12-15,2,Menorca,,,,8,,5,3,93397,,,152,"162,75"
2020-12-15,3,Eivissa,,,,25,,16,3,147914,,,150,"101,41"
2020-12-15,4,Formentera,,,,15,,,,12111,,,25,"206,42"
2020-12-16,0,Illes_Balears,392,2,6208,552,"8,89%",248,55,1149460,3928,"341,73",4213,"366,52"
2020-12-16,1,Mallorca,,,,499,,229,49,896038,,,3758,"419,40"
2020-12-16,2,Menorca,,,,11,,4,3,93397,,,154,"164,89"
2020-12-16,3,Eivissa,,,,22,,15,3,147914,,,149,"100,73"
2020-12-16,4,Formentera,,,,4,,,,12111,,,29,"239,45"
2020-12-17,0,Illes_Balears,458,3,6180,526,"8,51%",258,53,1149460,4123,"358,69",4461,"388,10"
2020-12-17,1,Mallorca,,,,468,,237,47,896038,,,3985,"444,74"
2020-12-17,2,Menorca,,,,10,,5,3,93397,,,151,"161,68"
2020-12-17,3,Eivissa,,,,18,,16,3,147914,,,152,"102,76"
2020-12-17,4,Formentera,,,,11,,,,12111,,,40,"330,28"
2020-12-18,0,Illes_Balears,514,4,6175,562,"9,10%",267,52,1149460,4369,"380,09",4803,"417,85"
2020-12-18,1,Mallorca,,,,506,,246,46,896038,,,4306,"480,56"
2020-12-18,2,Menorca,,,,14,,5,3,93397,,,145,"155,25"
2020-12-18,3,Eivissa,,,,17,,16,3,147914,,,162,"109,52"
2020-12-18,4,Formentera,,,,7,,,,12111,,,47,"388,08"
2020-12-19,0,Illes_Balears,419,0,6364,420,"6,60%",278,52,1149460,4580,"398,45",5046,"438,99"
2020-12-19,1,Mallorca,,,,389,,255,47,896038,,,4541,"506,79"
2020-12-19,2,Menorca,,,,4,,6,2,93397,,,130,"139,19"
2020-12-19,3,Eivissa,,,,8,,17,3,147914,,,169,"114,26"
2020-12-19,4,Formentera,,,,4,,,,12111,,,51,"421,10"
2020-12-20,0,Illes_Balears,457,1,3718,352,"9,47%",301,53,1149460,5037,"438,21",5196,"452,04"
2020-12-20,1,Mallorca,,,,333,,277,48,896038,,,4695,"523,97"
2020-12-20,2,Menorca,,,,1,,7,2,93397,,,129,"138,12"
2020-12-20,3,Eivissa,,,,3,,17,3,147914,,,157,"106,14"
2020-12-20,4,Formentera,,,,1,,,,12111,,,50,"412,85"
2020-12-21,0,Illes_Balears,502,5,5633,451,"8,01%",308,57,1149460,5140,"447,17",5450,"474,14"
2020-12-21,1,Mallorca,,,,400,,286,51,896038,,,4916,"548,64"
2020-12-21,2,Menorca,,,,4,,7,2,93397,,,127,"135,98"
2020-12-21,3,Eivissa,,,,24,,15,4,147914,,,178,"120,34"
2020-12-21,4,Formentera,,,,3,,,,12111,,,53,"437,62"
2020-12-22,0,Illes_Balears,476,0,7350,639,"8,69%",305,55,1149460,5427,"472,13",5876,"511,20"
2020-12-22,1,Mallorca,,,,582,,287,50,896038,,,5309,"592,50"
2020-12-22,2,Menorca,,,,16,,7,2,93397,,,129,"138,12"
2020-12-22,3,Eivissa,,,,10,,11,3,147914,,,185,"125,07"
2020-12-22,4,Formentera,,,,8,,,,12111,,,60,"495,42"
2020-12-23,0,Illes_Balears,526,4,6173,498,"8,07%",296,57,1149460,5715,"497,19",6047,"526,07"
2020-12-23,1,Mallorca,,,,434,,281,52,896038,,,5443,"607,45"
2020-12-23,2,Menorca,,,,21,,4,2,93397,,,139,"148,83"
2020-12-23,3,Eivissa,,,,25,,11,3,147914,,,203,"137,24"
2020-12-23,4,Formentera,,,,5,,,,12111,,,64,"528,45"
2020-12-24,0,Illes_Balears,0,0,5430,366,"6,74%",296,57,1149460,5412,"470,83",6089,"529,73"
2020-12-24,1,Mallorca,,,,310,,281,52,896038,,,5463,"609,68"
2020-12-24,2,Menorca,,,,6,,4,2,93397,,,135,"144,54"
2020-12-24,3,Eivissa,,,,20,,11,3,147914,,,211,"142,65"
2020-12-24,4,Formentera,,,,13,,,,12111,,,76,"627,53"
2020-12-25,0,Illes_Balears,877,3,2715,259,"9,54%",317,65,1149460,5972,"519,55",6035,"525,03"
2020-12-25,1,Mallorca,,,,248,,303,60,896038,,,5429,"605,89"
2020-12-25,2,Menorca,,,,1,,6,2,93397,,,129,"138,12"
2020-12-25,3,Eivissa,,,,4,,8,3,147914,,,205,"138,59"
2020-12-25,4,Formentera,,,,0,,,,12111,,,72,"594,50"
2020-12-26,0,Illes_Balears,0,0,5443,475,"8,73%",317,65,1149460,5677,"493,88",6150,"535,03"
2020-12-26,1,Mallorca,,,,431,,303,60,896038,,,5532,"617,38"
2020-12-26,2,Menorca,,,,11,,6,2,93397,,,125,"133,84"
2020-12-26,3,Eivissa,,,,24,,8,3,147914,,,217,"146,71"
2020-12-26,4,Formentera,,,,0,,,,12111,,,71,"586,24"
2020-12-27,0,Illes_Balears,646,2,3795,345,"9,09%",340,81,1149460,5968,"519,20",6267,"545,21"
2020-12-27,1,Mallorca,,,,320,,327,74,896038,,,5638,"629,21"
2020-12-27,2,Menorca,,,,4,,5,2,93397,,,129,"138,12"
2020-12-27,3,Eivissa,,,,5,,8,5,147914,,,219,"148,06"
2020-12-27,4,Formentera,,,,0,,,,12111,,,71,"586,24"
2020-12-28,0,Illes_Balears,601,3,5619,498,"8,86%",343,83,1149460,6269,"545,39",6400,"556,78"
2020-12-28,1,Mallorca,,,,415,,329,76,896038,,,5729,"639,37"
2020-12-28,2,Menorca,,,,27,,5,2,93397,,,138,"147,76"
2020-12-28,3,Eivissa,,,,29,,9,5,147914,,,234,"158,20"
2020-12-28,4,Formentera,,,,4,,,,12111,,,75,"619,27"
2020-12-29,0,Illes_Balears,548,4,5466,589,"10,78%",338,85,1149460,6416,"558,18",6532,"568,27"
2020-12-29,1,Mallorca,,,,499,,321,77,896038,,,5834,"651,09"
2020-12-29,2,Menorca,,,,9,,5,2,93397,,,139,"148,83"
2020-12-29,3,Eivissa,,,,54,,12,6,147914,,,263,"177,81"
2020-12-29,4,Formentera,,,,5,,,,12111,,,65,"536,70"
2020-12-30,0,Illes_Balears,596,4,5690,556,"9,77%",324,84,1149460,6620,"575,92",6536,"568,61"
2020-12-30,1,Mallorca,,,,455,,311,76,896038,,,5790,"646,18"
2020-12-30,2,Menorca,,,,14,,1,2,93397,,,142,"152,04"
2020-12-30,3,Eivissa,,,,64,,12,6,147914,,,305,"206,20"
2020-12-30,4,Formentera,,,,3,,,,12111,,,64,"528,45"
2020-12-31,0,Illes_Balears,0,0,4672,579,"12,39%",324,84,1149460,6162,"536,08",6589,"573,23"
2020-12-31,1,Mallorca,,,,442,,311,76,896038,,,5764,"643,28"
2020-12-31,2,Menorca,,,,20,,1,2,93397,,,152,"162,75"
2020-12-31,3,Eivissa,,,,89,,12,6,147914,,,376,"254,20"
2020-12-31,4,Formentera,,,,5,,,,12111,,,58,"478,90"
2021-01-01,0,Illes_Balears,994,6,2711,271,"10,00%",323,89,1149460,6642,"577,84",6298,"547,91"
2021-01-01,1,Mallorca,,,,255,,304,81,896038,,,5513,"615,26"
2021-01-01,2,Menorca,,,,1,,2,2,93397,,,139,"148,83"
2021-01-01,3,Eivissa,,,,8,,17,6,147914,,,367,"248,12"
2021-01-01,4,Formentera,,,,0,,,,12111,,,51,"421,10"
2021-01-02,0,Illes_Balears,0,0,3709,424,"11,43%",323,89,1149460,6223,"541,38",6302,"548,26"
2021-01-02,1,Mallorca,,,,328,,304,81,896038,,,5452,"608,46"
2021-01-02,2,Menorca,,,,16,,2,2,93397,,,151,"161,68"
2021-01-02,3,Eivissa,,,,61,,17,6,147914,,,420,"283,95"
2021-01-02,4,Formentera,,,,0,,,,12111,,,47,"388,08"
2021-01-03,0,Illes_Balears,870,1,3190,346,"10,85%",337,95,1149460,6636,"577,31",6296,"547,74"
2021-01-03,1,Mallorca,,,,313,,319,84,896038,,,5432,"606,22"
2021-01-03,2,Menorca,,,,4,,1,3,93397,,,154,"164,89"
2021-01-03,3,Eivissa,,,,19,,17,8,147914,,,436,"294,77"
2021-01-03,4,Formentera,,,,1,,,,12111,,,47,"388,08"
2021-01-04,0,Illes_Balears,500,4,5515,576,"10,44%",352,102,1149460,6634,"577,14",6421,"558,61"
2021-01-04,1,Mallorca,,,,457,,327,92,896038,,,5489,"612,59"
2021-01-04,2,Menorca,,,,43,,2,3,93397,,,193,"206,64"
2021-01-04,3,Eivissa,,,,59,,23,7,147914,,,471,"318,43"
2021-01-04,4,Formentera,,,,1,,,,12111,,,45,"371,56"
2021-01-05,0,Illes_Balears,0,0,8041,655,"8,15%",352,102,1149460,6158,"535,73",6437,"560,00"
2021-01-05,1,Mallorca,,,,529,,327,92,896038,,,5436,"606,67"
2021-01-05,2,Menorca,,,,18,,2,3,93397,,,195,"208,79"
2021-01-05,3,Eivissa,,,,92,,23,7,147914,,,553,"373,87"
2021-01-05,4,Formentera,,,,1,,,,12111,,,38,"313,76"
2021-01-06,0,Illes_Balears,1097,0,3449,333,"9,65%",343,101,1149460,6729,"585,41",6272,"545,65"
2021-01-06,1,Mallorca,,,,282,,318,90,896038,,,5284,"589,71"
2021-01-06,2,Menorca,,,,10,,3,3,93397,,,184,"197,01"
2021-01-06,3,Eivissa,,,,30,,22,8,147914,,,558,"377,25"
2021-01-06,4,Formentera,,,,0,,,,12111,,,33,"272,48"
2021-01-07,0,Illes_Balears,555,2,5784,725,"12,53%",339,104,1149460,7284,"633,69",6631,"576,88"
2021-01-07,1,Mallorca,,,,486,,308,93,896038,,,5460,"609,35"
2021-01-07,2,Menorca,,,,45,,4,4,93397,,,223,"238,77"
2021-01-07,3,Eivissa,,,,174,,27,7,147914,,,712,"481,36"
2021-01-07,4,Formentera,,,,4,,,,12111,,,24,"198,17"
2021-01-08,0,Illes_Balears,676,6,5142,586,"11,40%",334,107,1149460,7083,"616,20",6958,"605,33"
2021-01-08,1,Mallorca,,,,418,,305,96,896038,,,5630,"628,32"
2021-01-08,2,Menorca,,,,21,,3,4,93397,,,243,"260,18"
2021-01-08,3,Eivissa,,,,132,,26,7,147914,,,840,"567,90"
2021-01-08,4,Formentera,,,,1,,,,12111,,,25,"206,42"
2021-01-09,0,Illes_Balears,530,0,5329,525,"9,85%",349,109,1149460,7613,"662,31",7008,"609,68"
2021-01-09,1,Mallorca,,,,339,,315,97,896038,,,5538,"618,05"
2021-01-09,2,Menorca,,,,19,,5,4,93397,,,251,"268,75"
2021-01-09,3,Eivissa,,,,148,,29,8,147914,,,964,"651,73"
2021-01-09,4,Formentera,,,,1,,,,12111,,,26,"214,68"
2021-01-10,0,Illes_Balears,483,2,3019,445,"14,74%",375,112,1149460,7450,"648,13",7108,"618,38"
2021-01-10,1,Mallorca,,,,346,,337,100,896038,,,5564,"620,96"
2021-01-10,2,Menorca,,,,20,,6,4,93397,,,267,"285,88"
2021-01-10,3,Eivissa,,,,66,,32,8,147914,,,1025,"692,97"
2021-01-10,4,Formentera,,,,1,,,,12111,,,27,"222,94"
2021-01-11,0,Illes_Balears,541,7,5219,659,"12,63%",371,113,1149460,7390,"642,91",7269,"632,38"
2021-01-11,1,Mallorca,,,,468,,328,101,896038,,,5617,"626,87"
2021-01-11,2,Menorca,,,,36,,7,4,93397,,,276,"295,51"
2021-01-11,3,Eivissa,,,,138,,36,8,147914,,,1134,"766,66"
2021-01-11,4,Formentera,,,,1,,,,12111,,,24,"198,17"
2021-01-12,0,Illes_Balears,731,5,4797,688,"14,34%",361,115,1149460,7573,"658,83",7368,"641,00"
2021-01-12,1,Mallorca,,,,387,,315,101,896038,,,5505,"614,37"
2021-01-12,2,Menorca,,,,48,,8,5,93397,,,315,"337,27"
2021-01-12,3,Eivissa,,,,236,,38,9,147914,,,1316,"889,71"
2021-01-12,4,Formentera,,,,3,,,,12111,,,22,"181,65"
2021-01-13,0,Illes_Balears,684,4,5512,643,"11,67%",360,116,1149460,7661,"666,49",7455,"648,57"
2021-01-13,1,Mallorca,,,,324,,302,102,896038,,,5374,"599,75"
2021-01-13,2,Menorca,,,,48,,10,5,93397,,,349,"373,67"
2021-01-13,3,Eivissa,,,,256,,48,9,147914,,,1508,"1019,51"
2021-01-13,4,Formentera,,,,3,,,,12111,,,22,"181,65"
2021-01-14,0,Illes_Balears,703,1,4798,636,"13,26%",368,120,1149460,8364,"727,65",7512,"653,52"
2021-01-14,1,Mallorca,,,,336,,303,104,896038,,,5268,"587,92"
2021-01-14,2,Menorca,,,,47,,10,5,93397,,,376,"402,58"
2021-01-14,3,Eivissa,,,,225,,55,11,147914,,,1644,"1111,46"
2021-01-14,4,Formentera,,,,12,,,,12111,,,29,"239,45"
2021-01-15,0,Illes_Balears,673,2,5513,558,"10,12%",381,126,1149460,8043,"699,72",7799,"678,49"
2021-01-15,1,Mallorca,,,,278,,313,108,896038,,,5291,"590,49"
2021-01-15,2,Menorca,,,,48,,9,5,93397,,,423,"452,91"
2021-01-15,3,Eivissa,,,,206,,59,13,147914,,,1842,"1245,32"
2021-01-15,4,Formentera,,,,10,,,,12111,,,39,"322,02"
2021-01-16,0,Illes_Balears,472,1,5327,542,"10,17%",411,122,1149460,8515,"740,78",7917,"688,76"
2021-01-16,1,Mallorca,,,,302,,334,105,896038,,,5265,"587,59"
2021-01-16,2,Menorca,,,,23,,9,5,93397,,,430,"460,40"
2021-01-16,3,Eivissa,,,,201,,68,12,147914,,,1982,"1339,97"
2021-01-16,4,Formentera,,,,3,,,,12111,,,42,"346,79"
2021-01-17,0,Illes_Balears,441,7,4867,350,"7,19%",439,125,1149460,8086,"703,46",7921,"689,11"
2021-01-17,1,Mallorca,,,,217,,359,107,896038,,,5169,"576,87"
2021-01-17,2,Menorca,,,,16,,6,5,93397,,,442,"473,25"
2021-01-17,3,Eivissa,,,,105,,74,13,147914,,,2068,"1398,11"
2021-01-17,4,Formentera,,,,2,,,,12111,,,43,"355,05"
2021-01-18,0,Illes_Balears,577,10,5999,547,"9,12%",446,124,1149460,8163,"710,16",7892,"686,58"
2021-01-18,1,Mallorca,,,,294,,350,107,896038,,,5006,"558,68"
2021-01-18,2,Menorca,,,,29,,9,4,93397,,,428,"458,26"
2021-01-18,3,Eivissa,,,,193,,87,13,147914,,,2202,"1488,70"
2021-01-18,4,Formentera,,,,20,,,,12111,,,62,"511,93"
2021-01-19,0,Illes_Balears,612,10,7590,776,"10,22%",437,125,1149460,8775,"763,40",8013,"697,11"
2021-01-19,1,Mallorca,,,,290,,330,106,896038,,,4767,"532,01"
2021-01-19,2,Menorca,,,,49,,12,3,93397,,,459,"491,45"
2021-01-19,3,Eivissa,,,,404,,95,16,147914,,,2514,"1699,64"
2021-01-19,4,Formentera,,,,12,,,,12111,,,73,"602,76"
2021-01-20,0,Illes_Balears,638,1,5794,513,"8,85%",451,128,1149460,8316,"723,47",8193,"712,77"
2021-01-20,1,Mallorca,,,,202,,334,108,896038,,,4687,"523,08"
2021-01-20,2,Menorca,,,,39,,13,3,93397,,,488,"522,50"
2021-01-20,3,Eivissa,,,,246,,104,17,147914,,,2730,"1845,67"
2021-01-20,4,Formentera,,,,17,,,,12111,,,90,"743,13"
2021-01-21,0,Illes_Balears,624,5,6723,714,"10,62%",444,123,1149460,8385,"729,47",8182,"711,81"
2021-01-21,1,Mallorca,,,,278,,315,104,896038,,,4479,"499,87"
2021-01-21,2,Menorca,,,,30,,14,3,93397,,,473,"506,44"
2021-01-21,3,Eivissa,,,,372,,115,16,147914,,,2928,"1979,53"
2021-01-21,4,Formentera,,,,15,,,,12111,,,101,"833,95"
2021-01-22,0,Illes_Balears,687,5,6472,732,"11,31%",431,125,1149460,8396,"730,43",8328,"724,51"
2021-01-22,1,Mallorca,,,,289,,298,104,896038,,,4350,"485,47"
2021-01-22,2,Menorca,,,,51,,14,5,93397,,,503,"538,56"
2021-01-22,3,Eivissa,,,,371,,119,16,147914,,,3167,"2141,11"
2021-01-22,4,Formentera,,,,10,,,,12111,,,110,"908,27"
2021-01-23,0,Illes_Balears,544,4,4882,446,"9,14%",453,126,1149460,8410,"731,65",8249,"717,64"
2021-01-23,1,Mallorca,,,,186,,309,104,896038,,,4197,"468,40"
2021-01-23,2,Menorca,,,,23,,18,5,93397,,,507,"542,84"
2021-01-23,3,Eivissa,,,,221,,126,17,147914,,,3240,"2190,46"
2021-01-23,4,Formentera,,,,8,,,,12111,,,117,"966,06"
2021-01-24,0,Illes_Balears,391,4,4408,196,"4,45%",476,127,1149460,8318,"723,64",8000,"695,98"
2021-01-24,1,Mallorca,,,,159,,317,104,896038,,,4010,"447,53"
2021-01-24,2,Menorca,,,,2,,23,6,93397,,,489,"523,57"
2021-01-24,3,Eivissa,,,,35,,136,17,147914,,,3209,"2169,50"
2021-01-24,4,Formentera,,,,0,,,,12111,,,116,"957,81"
2021-01-25,0,Illes_Balears,449,6,6247,591,"9,46%",460,135,1149460,8226,"715,64",7932,"690,06"
2021-01-25,1,Mallorca,,,,179,,295,110,896038,,,3721,"415,27"
2021-01-25,2,Menorca,,,,41,,19,7,93397,,,494,"528,92"
2021-01-25,3,Eivissa,,,,325,,146,18,147914,,,3396,"2295,93"
2021-01-25,4,Formentera,,,,27,,,,12111,,,142,"1172,49"
2021-01-26,0,Illes_Balears,526,8,6036,532,"8,81%",428,136,1149460,8021,"697,81",7776,"676,49"
2021-01-26,1,Mallorca,,,,247,,265,109,896038,,,3581,"399,65"
2021-01-26,2,Menorca,,,,25,,19,7,93397,,,471,"504,30"
2021-01-26,3,Eivissa,,,,236,,144,20,147914,,,3396,"2295,93"
2021-01-26,4,Formentera,,,,9,,,,12111,,,148,"1222,03"
2021-01-27,0,Illes_Balears,517,8,5573,344,"6,17%",437,133,1149460,7854,"683,28",7477,"650,48"
2021-01-27,1,Mallorca,,,,141,,267,104,896038,,,3398,"379,22"
2021-01-27,2,Menorca,,,,18,,20,7,93397,,,441,"472,18"
2021-01-27,3,Eivissa,,,,176,,150,22,147914,,,3316,"2241,84"
2021-01-27,4,Formentera,,,,1,,,,12111,,,146,"1205,52"
2021-01-28,0,Illes_Balears,472,6,5339,425,"7,96%",437,133,1149460,7623,"663,18",7266,"632,12"
2021-01-28,1,Mallorca,,,,185,,266,106,896038,,,3247,"362,37"
2021-01-28,2,Menorca,,,,26,,17,7,93397,,,420,"449,69"
2021-01-28,3,Eivissa,,,,200,,154,20,147914,,,3291,"2224,94"
2021-01-28,4,Formentera,,,,7,,,,12111,,,141,"1164,23"
2021-01-29,0,Illes_Balears,358,7,5281,293,"5,55%",414,137,1149460,7308,"635,78",7001,"609,07"
2021-01-29,1,Mallorca,,,,127,,252,108,896038,,,3096,"345,52"
2021-01-29,2,Menorca,,,,19,,17,8,93397,,,391,"418,64"
2021-01-29,3,Eivissa,,,,134,,145,21,147914,,,3219,"2176,26"
2021-01-29,4,Formentera,,,,3,,,,12111,,,134,"1106,43"
2021-01-30,0,Illes_Balears,295,4,5632,337,"5,98%",412,135,1149460,7131,"620,38",6796,"591,23"
2021-01-30,1,Mallorca,,,,134,,249,106,896038,,,2928,"326,77"
2021-01-30,2,Menorca,,,,16,,18,7,93397,,,384,"411,15"
2021-01-30,3,Eivissa,,,,180,,145,22,147914,,,3198,"2162,07"
2021-01-30,4,Formentera,,,,2,,,,12111,,,133,"1098,18"
2021-01-31,0,Illes_Balears,262,2,2893,139,"4,80%",427,139,1149460,6952,"604,81",6585,"572,88"
2021-01-31,1,Mallorca,,,,94,,264,109,896038,,,2805,"313,04"
2021-01-31,2,Menorca,,,,1,,20,6,93397,,,369,"395,09"
2021-01-31,3,Eivissa,,,,34,,143,24,147914,,,3127,"2114,07"
2021-01-31,4,Formentera,,,,0,,,,12111,,,131,"1081,66"
2021-02-01,0,Illes_Balears,216,7,5391,297,"5,51%",410,138,1149460,6591,"573,40",6335,"551,13"
2021-02-01,1,Mallorca,,,,98,,252,105,896038,,,2609,"291,17"
2021-02-01,2,Menorca,,,,31,,15,7,93397,,,371,"397,23"
2021-02-01,3,Eivissa,,,,154,,143,26,147914,,,3088,"2087,70"
2021-02-01,4,Formentera,,,,6,,,,12111,,,117,"966,06"
2021-02-02,0,Illes_Balears,321,6,5200,318,"6,12%",399,139,1149460,6300,"548,08",5877,"511,28"
2021-02-02,1,Mallorca,,,,131,,239,107,896038,,,2450,"273,43"
2021-02-02,2,Menorca,,,,19,,14,7,93397,,,341,"365,11"
2021-02-02,3,Eivissa,,,,161,,146,25,147914,,,2845,"1923,41"
2021-02-02,4,Formentera,,,,2,,,,12111,,,107,"883,49"
2021-02-03,0,Illes_Balears,316,8,4672,227,"4,86%",373,140,1149460,5978,"520,07",5591,"486,40"
2021-02-03,1,Mallorca,,,,106,,218,108,896038,,,2354,"262,71"
2021-02-03,2,Menorca,,,,18,,12,7,93397,,,320,"342,62"
2021-02-03,3,Eivissa,,,,96,,143,25,147914,,,2695,"1822,00"
2021-02-03,4,Formentera,,,,2,,,,12111,,,92,"759,64"
2021-02-04,0,Illes_Balears,241,5,4544,164,"3,61%",335,132,1149460,5595,"486,75",5041,"438,55"
2021-02-04,1,Mallorca,,,,83,,193,101,896038,,,2159,"240,95"
2021-02-04,2,Menorca,,,,3,,13,7,93397,,,293,"313,71"
2021-02-04,3,Eivissa,,,,69,,129,24,147914,,,2392,"1617,16"
2021-02-04,4,Formentera,,,,2,,,,12111,,,79,"652,30"
2021-02-05,0,Illes_Balears,210,4,4415,184,"4,17%",309,127,1149460,5118,"445,25",4493,"390,88"
2021-02-05,1,Mallorca,,,,66,,179,95,896038,,,1936,"216,06"
2021-02-05,2,Menorca,,,,3,,13,7,93397,,,245,"262,32"
2021-02-05,3,Eivissa,,,,109,,117,25,147914,,,2130,"1440,03"
2021-02-05,4,Formentera,,,,1,,,,12111,,,70,"577,99"
2021-02-06,0,Illes_Balears,0,0,5110,152,"2,97%",317,125,1149460,4574,"397,93",4199,"365,30"
2021-02-06,1,Mallorca,,,,84,,188,95,896038,,,1834,"204,68"
2021-02-06,2,Menorca,,,,5,,13,7,93397,,,227,"243,05"
2021-02-06,3,Eivissa,,,,58,,116,23,147914,,,1967,"1329,83"
2021-02-06,4,Formentera,,,,0,,,,12111,,,62,"511,93"
2021-02-07,0,Illes_Balears,289,5,3108,56,"1,80%",318,119,1149460,4472,"389,05",4059,"353,12"
2021-02-07,1,Mallorca,,,,41,,187,90,896038,,,1716,"191,51"
2021-02-07,2,Menorca,,,,2,,12,6,93397,,,227,"243,05"
2021-02-07,3,Eivissa,,,,9,,119,23,147914,,,1941,"1312,25"
2021-02-07,4,Formentera,,,,0,,,,12111,,,62,"511,93"
2021-02-08,0,Illes_Balears,165,6,3710,139,"3,75%",287,115,1149460,4188,"364,34",3607,"313,80"
2021-02-08,1,Mallorca,,,,68,,174,83,896038,,,1605,"179,12"
2021-02-08,2,Menorca,,,,3,,7,6,93397,,,189,"202,36"
2021-02-08,3,Eivissa,,,,61,,106,26,147914,,,1677,"1133,77"
2021-02-08,4,Formentera,,,,5,,,,12111,,,40,"330,28"
2021-02-09,0,Illes_Balears,181,5,4088,186,"4,55%",262,110,1149460,3843,"334,33",3261,"283,70"
2021-02-09,1,Mallorca,,,,101,,157,79,896038,,,1459,"162,83"
2021-02-09,2,Menorca,,,,8,,7,5,93397,,,172,"184,16"
2021-02-09,3,Eivissa,,,,73,,98,26,147914,,,1514,"1023,57"
2021-02-09,4,Formentera,,,,2,,,,12111,,,33,"272,48"
2021-02-10,0,Illes_Balears,162,6,3488,104,"2,98%",254,103,1149460,3488,"303,45",3021,"262,82"
2021-02-10,1,Mallorca,,,,76,,148,75,896038,,,1394,"155,57"
2021-02-10,2,Menorca,,,,3,,8,5,93397,,,157,"168,10"
2021-02-10,3,Eivissa,,,,25,,98,23,147914,,,1363,"921,48"
2021-02-10,4,Formentera,,,,0,,,,12111,,,32,"264,22"
2021-02-11,0,Illes_Balears,140,5,4201,113,"2,69%",233,97,1149460,3156,"274,56",2709,"235,68"
2021-02-11,1,Mallorca,,,,60,,135,68,896038,,,1269,"141,62"
2021-02-11,2,Menorca,,,,5,,6,5,93397,,,136,"145,61"
2021-02-11,3,Eivissa,,,,44,,92,24,147914,,,1207,"816,01"
2021-02-11,4,Formentera,,,,1,,,,12111,,,26,"214,68"
2021-02-12,0,Illes_Balears,132,5,3544,145,"4,09%",204,97,1149460,2930,"254,90",2561,"222,80"
2021-02-12,1,Mallorca,,,,98,,116,67,896038,,,1240,"138,39"
2021-02-12,2,Menorca,,,,2,,4,5,93397,,,119,"127,41"
2021-02-12,3,Eivissa,,,,43,,84,25,147914,,,1116,"754,49"
2021-02-12,4,Formentera,,,,2,,,,12111,,,25,"206,42"
2021-02-13,0,Illes_Balears,117,4,2687,74,"2,75%",208,91,1149460,2752,"239,42",2298,"199,92"
2021-02-13,1,Mallorca,,,,51,,116,62,896038,,,1157,"129,12"
2021-02-13,2,Menorca,,,,2,,4,5,93397,,,105,"112,42"
2021-02-13,3,Eivissa,,,,20,,88,24,147914,,,956,"646,32"
2021-02-13,4,Formentera,,,,0,,,,12111,,,23,"189,91"
2021-02-14,0,Illes_Balears,112,6,1733,50,"2,89%",206,89,1149460,2602,"226,37",2209,"192,18"
2021-02-14,1,Mallorca,,,,41,,114,63,896038,,,1104,"123,21"
2021-02-14,2,Menorca,,,,0,,5,4,93397,,,104,"111,35"
2021-02-14,3,Eivissa,,,,8,,87,22,147914,,,930,"628,74"
2021-02-14,4,Formentera,,,,0,,,,12111,,,23,"189,91"
2021-02-15,0,Illes_Balears,128,4,3480,125,"3,59%",196,87,1149460,2514,"218,71",2037,"177,21"
2021-02-15,1,Mallorca,,,,78,,104,63,896038,,,1084,"120,98"
2021-02-15,2,Menorca,,,,1,,4,4,93397,,,74,"79,23"
2021-02-15,3,Eivissa,,,,42,,88,20,147914,,,818,"553,02"
2021-02-15,4,Formentera,,,,0,,,,12111,,,17,"140,37"
2021-02-16,0,Illes_Balears,129,2,3120,91,"2,92%",180,80,1149460,2322,"202,01",1810,"157,47"
2021-02-16,1,Mallorca,,,,53,,93,58,896038,,,1006,"112,27"
2021-02-16,2,Menorca,,,,0,,4,4,93397,,,55,"58,89"
2021-02-16,3,Eivissa,,,,34,,83,18,147914,,,691,"467,16"
2021-02-16,4,Formentera,,,,3,,,,12111,,,18,"148,63"
2021-02-17,0,Illes_Balears,118,3,3509,90,"2,56%",159,78,1149460,2124,"184,78",1673,"145,55"
2021-02-17,1,Mallorca,,,,57,,80,57,896038,,,957,"106,80"
2021-02-17,2,Menorca,,,,3,,3,3,93397,,,40,"42,83"
2021-02-17,3,Eivissa,,,,30,,76,18,147914,,,625,"422,54"
2021-02-17,4,Formentera,,,,0,,,,12111,,,16,"132,11"
2021-02-18,0,Illes_Balears,92,3,3341,82,"2,45%",155,75,1149460,1975,"171,82",1591,"138,41"
2021-02-18,1,Mallorca,,,,63,,79,55,896038,,,937,"104,57"
2021-02-18,2,Menorca,,,,0,,3,3,93397,,,37,"39,62"
2021-02-18,3,Eivissa,,,,18,,73,17,147914,,,574,"388,06"
2021-02-18,4,Formentera,,,,0,,,,12111,,,14,"115,60"
2021-02-19,0,Illes_Balears,87,0,3316,85,"2,56%",144,72,1149460,1852,"161,12",1492,"129,80"
2021-02-19,1,Mallorca,,,,52,,69,53,896038,,,923,"103,01"
2021-02-19,2,Menorca,,,,0,,3,3,93397,,,34,"36,40"
2021-02-19,3,Eivissa,,,,30,,72,16,147914,,,495,"334,65"
2021-02-19,4,Formentera,,,,0,,,,12111,,,13,"107,34"
2021-02-20,0,Illes_Balears,65,0,2421,55,"2,27%",146,70,1149460,1917,"166,77",1395,"121,36"
2021-02-20,1,Mallorca,,,,45,,74,51,896038,,,884,"98,66"
2021-02-20,2,Menorca,,,,0,,3,3,93397,,,29,"31,05"
2021-02-20,3,Eivissa,,,,7,,69,16,147914,,,444,"300,17"
2021-02-20,4,Formentera,,,,0,,,,12111,,,13,"107,34"
2021-02-21,0,Illes_Balears,39,1,1521,30,"1,97%",153,65,1149460,1667,"145,02",1369,"119,10"
2021-02-21,1,Mallorca,,,,28,,80,48,896038,,,871,"97,21"
2021-02-21,2,Menorca,,,,0,,3,3,93397,,,27,"28,91"
2021-02-21,3,Eivissa,,,,2,,70,14,147914,,,437,"295,44"
2021-02-21,4,Formentera,,,,0,,,,12111,,,13,"107,34"
2021-02-22,0,Illes_Balears,51,3,3298,53,"1,61%",146,60,1149460,1553,"135,11",1283,"111,62"
2021-02-22,1,Mallorca,,,,38,,76,45,896038,,,841,"93,86"
2021-02-22,2,Menorca,,,,0,,2,2,93397,,,24,"25,70"
2021-02-22,3,Eivissa,,,,13,,68,13,147914,,,389,"262,99"
2021-02-22,4,Formentera,,,,1,,,,12111,,,9,"74,31"
2021-02-23,0,Illes_Balears,66,7,2963,60,"2,02%",135,58,1149460,1438,"125,10",1157,"100,66"
2021-02-23,1,Mallorca,,,,38,,69,43,896038,,,778,"86,83"
2021-02-23,2,Menorca,,,,2,,2,2,93397,,,18,"19,27"
2021-02-23,3,Eivissa,,,,20,,64,13,147914,,,336,"227,16"
2021-02-23,4,Formentera,,,,0,,,,12111,,,7,"57,80"
2021-02-24,0,Illes_Balears,61,9,3292,60,"1,82%",131,60,1149460,1337,"116,32",1113,"96,83"
2021-02-24,1,Mallorca,,,,45,,69,44,896038,,,747,"83,37"
2021-02-24,2,Menorca,,,,1,,2,2,93397,,,16,"17,13"
2021-02-24,3,Eivissa,,,,10,,60,14,147914,,,321,"217,02"
2021-02-24,4,Formentera,,,,0,,,,12111,,,7,"57,80"
2021-02-25,0,Illes_Balears,57,7,2122,64,"3,02%",116,60,1149460,1254,"109,09",1064,"92,57"
2021-02-25,1,Mallorca,,,,51,,60,45,896038,,,738,"82,36"
2021-02-25,2,Menorca,,,,0,,2,2,93397,,,11,"11,78"
2021-02-25,3,Eivissa,,,,10,,54,13,147914,,,287,"194,03"
2021-02-25,4,Formentera,,,,1,,,,12111,,,7,"57,80"
2021-02-26,0,Illes_Balears,80,8,2737,72,"2,63%",101,53,1149460,1202,"104,57",991,"86,21"
2021-02-26,1,Mallorca,,,,49,,53,40,896038,,,689,"76,89"
2021-02-26,2,Menorca,,,,0,,2,2,93397,,,9,"9,64"
2021-02-26,3,Eivissa,,,,21,,46,11,147914,,,265,"179,16"
2021-02-26,4,Formentera,,,,0,,,,12111,,,5,"41,28"
2021-02-27,0,Illes_Balears,55,5,1748,34,"1,95%",98,50,1149460,1140,"99,18",951,"82,73"
2021-02-27,1,Mallorca,,,,31,,54,37,896038,,,669,"74,66"
2021-02-27,2,Menorca,,,,1,,2,2,93397,,,8,"8,57"
2021-02-27,3,Eivissa,,,,1,,42,11,147914,,,246,"166,31"
2021-02-27,4,Formentera,,,,0,,,,12111,,,5,"41,28"
2021-02-28,0,Illes_Balears,38,5,1663,40,"2,41%",101,51,1149460,1066,"92,74",941,"81,86"
2021-02-28,1,Mallorca,,,,36,,57,37,896038,,,664,"74,10"
2021-02-28,2,Menorca,,,,0,,2,2,93397,,,8,"8,57"
2021-02-28,3,Eivissa,,,,4,,42,12,147914,,,242,"163,61"
2021-02-28,4,Formentera,,,,0,,,,12111,,,5,"41,28"
2021-03-01,0,Illes_Balears,32,0,1429,27,"1,89%",103,49,1149460,970,"84,39",843,"73,34"
2021-03-01,1,Mallorca,,,,27,,56,34,896038,,,613,"68,41"
2021-03-01,2,Menorca,,,,0,,2,2,93397,,,7,"7,49"
2021-03-01,3,Eivissa,,,,0,,45,13,147914,,,200,"135,21"
2021-03-01,4,Formentera,,,,0,,,,12111,,,5,"41,28"
2021-03-02,0,Illes_Balears,40,2,3025,41,"1,36%",101,41,1149460,881,"76,64",793,"68,99"
2021-03-02,1,Mallorca,,,,31,,56,26,896038,,,591,"65,96"
2021-03-02,2,Menorca,,,,0,,1,2,93397,,,7,"7,49"
2021-03-02,3,Eivissa,,,,6,,44,13,147914,,,172,"116,28"
2021-03-02,4,Formentera,,,,0,,,,12111,,,2,"16,51"
2021-03-03,0,Illes_Balears,50,2,2935,38,"1,29%",97,41,1149460,813,"70,73",741,"64,47"
2021-03-03,1,Mallorca,,,,30,,55,26,896038,,,564,"62,94"
2021-03-03,2,Menorca,,,,2,,1,1,93397,,,6,"6,42"
2021-03-03,3,Eivissa,,,,4,,41,14,147914,,,146,"98,71"
2021-03-03,4,Formentera,,,,0,,,,12111,,,2,"16,51"
2021-03-04,0,Illes_Balears,52,1,2730,36,"1,32%",79,40,1149460,773,"67,25",695,"60,46"
2021-03-04,1,Mallorca,,,,34,,44,27,896038,,,535,"59,71"
2021-03-04,2,Menorca,,,,0,,1,1,93397,,,6,"6,42"
2021-03-04,3,Eivissa,,,,1,,34,12,147914,,,129,"87,21"
2021-03-04,4,Formentera,,,,0,,,,12111,,,2,"16,51"
2021-03-05,0,Illes_Balears,30,1,2630,53,"2,02%",79,39,1149460,716,"62,29",663,"57,68"
2021-03-05,1,Mallorca,,,,37,,46,26,896038,,,520,"58,03"
2021-03-05,2,Menorca,,,,1,,0,1,93397,,,7,"7,49"
2021-03-05,3,Eivissa,,,,14,,33,12,147914,,,113,"76,40"
2021-03-05,4,Formentera,,,,0,,,,12111,,,2,"16,51"
2021-03-06,0,Illes_Balears,47,0,2509,26,"1,04%",78,40,1149460,698,"60,72",634,"55,16"
2021-03-06,1,Mallorca,,,,22,,44,27,896038,,,497,"55,47"
2021-03-06,2,Menorca,,,,0,,0,1,93397,,,7,"7,49"
2021-03-06,3,Eivissa,,,,2,,34,12,147914,,,108,"73,02"
2021-03-06,4,Formentera,,,,0,,,,12111,,,2,"16,51"
2021-03-07,0,Illes_Balears,23,0,1295,27,"2,08%",76,38,1149460,682,"59,33",631,"54,90"
2021-03-07,1,Mallorca,,,,22,,42,25,896038,,,491,"54,80"
2021-03-07,2,Menorca,,,,0,,0,1,93397,,,7,"7,49"
2021-03-07,3,Eivissa,,,,2,,34,12,147914,,,108,"73,02"
2021-03-07,4,Formentera,,,,0,,,,12111,,,2,"16,51"
2021-03-08,0,Illes_Balears,38,1,2276,38,"1,67%",81,34,1149460,669,"58,20",616,"53,59"
2021-03-08,1,Mallorca,,,,30,,49,21,896038,,,483,"53,90"
2021-03-08,2,Menorca,,,,2,,0,1,93397,,,9,"9,64"
2021-03-08,3,Eivissa,,,,3,,32,12,147914,,,98,"66,25"
2021-03-08,4,Formentera,,,,0,,,,12111,,,1,"8,26"
2021-03-09,0,Illes_Balears,38,0,3306,41,"1,24%",77,34,1149460,641,"55,77",597,"51,94"
2021-03-09,1,Mallorca,,,,29,,47,21,896038,,,474,"52,90"
2021-03-09,2,Menorca,,,,1,,0,1,93397,,,8,"8,57"
2021-03-09,3,Eivissa,,,,10,,30,12,147914,,,88,"59,49"
2021-03-09,4,Formentera,,,,0,,,,12111,,,1,"8,26"
2021-03-10,0,Illes_Balears,40,1,2936,36,"1,23%",73,32,1149460,620,"53,94",573,"49,85"
2021-03-10,1,Mallorca,,,,29,,43,20,896038,,,458,"51,11"
2021-03-10,2,Menorca,,,,1,,1,0,93397,,,8,"8,57"
2021-03-10,3,Eivissa,,,,5,,29,12,147914,,,83,"56,11"
2021-03-10,4,Formentera,,,,0,,,,12111,,,1,"8,26"
2021-03-11,0,Illes_Balears,42,0,2414,30,"1,24%",68,30,1149460,605,"52,63",539,"46,89"
2021-03-11,1,Mallorca,,,,24,,43,19,896038,,,431,"48,10"
2021-03-11,2,Menorca,,,,0,,1,0,93397,,,8,"8,57"
2021-03-11,3,Eivissa,,,,4,,24,11,147914,,,77,"52,06"
2021-03-11,4,Formentera,,,,0,,,,12111,,,0,"0,00"
2021-03-12,0,Illes_Balears,34,2,2747,34,"1,24%",59,31,1149460,559,"48,63",501,"43,59"
2021-03-12,1,Mallorca,,,,28,,36,20,896038,,,410,"45,76"
2021-03-12,2,Menorca,,,,0,,1,0,93397,,,8,"8,57"
2021-03-12,3,Eivissa,,,,2,,22,11,147914,,,58,"39,21"
2021-03-12,4,Formentera,,,,0,,,,12111,,,0,"0,00"
2021-03-13,0,Illes_Balears,34,0,1953,28,"1,43%",61,31,1149460,538,"46,80",495,"43,06"
2021-03-13,1,Mallorca,,,,24,,39,19,896038,,,403,"44,98"
2021-03-13,2,Menorca,,,,0,,1,0,93397,,,7,"7,49"
2021-03-13,3,Eivissa,,,,3,,21,12,147914,,,60,"40,56"
2021-03-13,4,Formentera,,,,0,,,,12111,,,0,"0,00"
2021-03-14,0,Illes_Balears,21,0,1144,19,"1,66%",60,33,1149460,521,"45,33",474,"41,24"
2021-03-14,1,Mallorca,,,,13,,38,21,896038,,,380,"42,41"
2021-03-14,2,Menorca,,,,1,,1,0,93397,,,8,"8,57"
2021-03-14,3,Eivissa,,,,4,,21,12,147914,,,60,"40,56"
2021-03-14,4,Formentera,,,,0,,,,12111,,,0,"0,00"